"temperature","predicted_yield","lower_bound","upper_bound"
28.3333333333333,7143045.06346241,4369099.79993666,9916990.32698816
